[
    [
        {
            "id": 1,
            "title": "Parkin hikes retail IPO shares amid over-subscription",
            "summary": "Exciting news in the financial world as Parkin increases its retail IPO shares amidst strong demand.",
            "picture": "/pi1.jpg"
        }
    ],
    [
        {
            "id": 2,
            "title": "Gazans end fast without joy of Ramadan",
            "summary": "Photos depict the somber end of the fast for Gazans during Ramadan.",
            "picture": "/pic2.jpg"
        }
    ],
    [
        {
            "id": 3,
            "title": "Dubai police seize live snake, monkey’s hand, and amulets"
        },
        {
            "id": 4,
            "title": "Ramadan Time Table: Imsak and Iftar timings across UAE"
        }
    ],
    [
        {
            "id": 1,
            "title": "vivo V30 brings studio-like portrait photography to you",
            "picture": "/pic4.jpg"
        },
        {
            "id": 2,
            "title": "Episode 2: Gulf News ‘Your Ramadan Table’ food show",
            "picture": "/pic5.jpg"
        },
        {
            "id": 3,
            "title": "Tell Me Why Ramadan is the perfect time to donate",
            "picture": "/pic4.jpg"
        }
    ],
    [
        {
            "imgSrc": "/pi1.jpg",
            "titleText": "Beat the rush and fines: 8 Dubai Metro rules"
        },
        {
            "imgSrc": "/pic2.jpg",
            "titleText": "Ramadan in UAE: Give to charities, not street beggars"
        },
        {
            "imgSrc": "/pic3.jpg",
            "titleText": "How to handle Ramadan challenges on UAE roads"
        },
        {
            "imgSrc": "/pic4.jpg",
            "titleText": "Fireworks, food and fun during #RamadaninDubai"
        }
    ],
    [
        {
            "imgSrc": "/pi1.jpg",
            "titleText": "Camel Riding in the Desert"
        },
        {
            "imgSrc": "/pic2.jpg",
            "titleText": "Eiffel Tower, Paris"
        },
        {
            "imgSrc": "/pic3.jpg",
            "titleText": "Traditional Arabic Coffee and Dates"
        },
        {
            "imgSrc": "/pic4.jpg",
            "titleText": "Burj Khalifa at Night"
        },
        {
            "imgSrc": "/pic3.jpg",
            "titleText": "The Dubai Mall Fountain Show"
        },
        {
            "imgSrc": "/pic4.jpg",
            "titleText": "Great Wall of China"
        }
    ],
    {
        "heading": "UAE",
        "content": [
            {
                "imgSrc": "/pi1.jpg",
                "titleText": "View of Dubai Marina"
            },
            {
                "imgSrc": "/pic2.jpg",
                "titleText": "The Dubai Mall Fountain Show"
            },
            {
                "imgSrc": "/pic3.jpg",
                "titleText": "Burj Khalifa at Night"
            },
            {
                "imgSrc": "/pic4.jpg",
                "titleText": "Jumeirah Beach Residence (JBR)"
            },
            {
                "imgSrc": "/pic3.jpg",
                "titleText": "Traditional Arabic Coffee and Dates"
            },
            {
                "imgSrc": "/pic4.jpg",
                "titleText": "Camel Riding in the Desert"
            }
        ]
    },
    {
        "heading": "World",
        "content": [
            {
                "imgSrc": "/pi1.jpg",
                "titleText": "Statue of Liberty, New York"
            },
            {
                "imgSrc": "/pic2.jpg",
                "titleText": "Eiffel Tower, Paris"
            },
            {
                "imgSrc": "/pic3.jpg",
                "titleText": "Great Wall of China"
            },
            {
                "imgSrc": "/pic4.jpg",
                "titleText": "Sydney Opera House, Australia"
            },
            {
                "imgSrc": "/pic3.jpg",
                "titleText": "Colosseum, Rome"
            },
            {
                "imgSrc": "/pic4.jpg",
                "titleText": "Machu Picchu, Peru"
            }
        ]
    }
]
